"slide","order","relationship_id","source","saved_as","bytes"
"1","1","rId8","ppt/media/image8.svg","assets/official-pptx-icons/slide-01/01-image8.svg","1552"
"1","2","rId6","ppt/media/image6.svg","assets/official-pptx-icons/slide-01/02-image6.svg","8485"
"1","3","rId4","ppt/media/image4.svg","assets/official-pptx-icons/slide-01/03-image4.svg","8007"
"1","4","rId24","ppt/media/image24.svg","assets/official-pptx-icons/slide-01/04-image24.svg","26082"
"1","5","rId22","ppt/media/image22.svg","assets/official-pptx-icons/slide-01/05-image22.svg","628"
"1","6","rId20","ppt/media/image20.svg","assets/official-pptx-icons/slide-01/06-image20.svg","1741"
"1","7","rId2","ppt/media/image2.svg","assets/official-pptx-icons/slide-01/07-image2.svg","8777"
"1","8","rId18","ppt/media/image18.svg","assets/official-pptx-icons/slide-01/08-image18.svg","1408"
"1","9","rId16","ppt/media/image16.svg","assets/official-pptx-icons/slide-01/09-image16.svg","1742"
"1","10","rId14","ppt/media/image14.svg","assets/official-pptx-icons/slide-01/10-image14.svg","1462"
"1","11","rId12","ppt/media/image12.svg","assets/official-pptx-icons/slide-01/11-image12.svg","2433"
"1","12","rId10","ppt/media/image10.svg","assets/official-pptx-icons/slide-01/12-image10.svg","3462"
"2","1","rId8","ppt/media/image32.svg","assets/official-pptx-icons/slide-02/01-image32.svg","2508"
"2","2","rId6","ppt/media/image30.svg","assets/official-pptx-icons/slide-02/02-image30.svg","17639"
"2","3","rId4","ppt/media/image28.svg","assets/official-pptx-icons/slide-02/03-image28.svg","17309"
"2","4","rId24","ppt/media/image48.svg","assets/official-pptx-icons/slide-02/04-image48.svg","59812"
"2","5","rId22","ppt/media/image46.svg","assets/official-pptx-icons/slide-02/05-image46.svg","1156"
"2","6","rId20","ppt/media/image44.svg","assets/official-pptx-icons/slide-02/06-image44.svg","2372"
"2","7","rId2","ppt/media/image26.svg","assets/official-pptx-icons/slide-02/07-image26.svg","18472"
"2","8","rId18","ppt/media/image42.svg","assets/official-pptx-icons/slide-02/08-image42.svg","2618"
"2","9","rId16","ppt/media/image40.svg","assets/official-pptx-icons/slide-02/09-image40.svg","3194"
"2","10","rId14","ppt/media/image38.svg","assets/official-pptx-icons/slide-02/10-image38.svg","2506"
"2","11","rId12","ppt/media/image36.svg","assets/official-pptx-icons/slide-02/11-image36.svg","3129"
"2","12","rId10","ppt/media/image34.svg","assets/official-pptx-icons/slide-02/12-image34.svg","5729"
"3","1","rId8","ppt/media/image56.svg","assets/official-pptx-icons/slide-03/01-image56.svg","2508"
"3","2","rId6","ppt/media/image54.svg","assets/official-pptx-icons/slide-03/02-image54.svg","17639"
"3","3","rId4","ppt/media/image52.svg","assets/official-pptx-icons/slide-03/03-image52.svg","17309"
"3","4","rId24","ppt/media/image72.svg","assets/official-pptx-icons/slide-03/04-image72.svg","59812"
"3","5","rId22","ppt/media/image70.svg","assets/official-pptx-icons/slide-03/05-image70.svg","1156"
"3","6","rId20","ppt/media/image68.svg","assets/official-pptx-icons/slide-03/06-image68.svg","2372"
"3","7","rId2","ppt/media/image50.svg","assets/official-pptx-icons/slide-03/07-image50.svg","18472"
"3","8","rId18","ppt/media/image66.svg","assets/official-pptx-icons/slide-03/08-image66.svg","2618"
"3","9","rId16","ppt/media/image64.svg","assets/official-pptx-icons/slide-03/09-image64.svg","3194"
"3","10","rId14","ppt/media/image62.svg","assets/official-pptx-icons/slide-03/10-image62.svg","2506"
"3","11","rId12","ppt/media/image60.svg","assets/official-pptx-icons/slide-03/11-image60.svg","3129"
"3","12","rId10","ppt/media/image58.svg","assets/official-pptx-icons/slide-03/12-image58.svg","5729"
"4","1","rId8","ppt/media/image80.svg","assets/official-pptx-icons/slide-04/01-image80.svg","3584"
"4","2","rId6","ppt/media/image78.svg","assets/official-pptx-icons/slide-04/02-image78.svg","19282"
"4","3","rId4","ppt/media/image76.svg","assets/official-pptx-icons/slide-04/03-image76.svg","18574"
"4","4","rId24","ppt/media/image96.svg","assets/official-pptx-icons/slide-04/04-image96.svg","60195"
"4","5","rId22","ppt/media/image94.svg","assets/official-pptx-icons/slide-04/05-image94.svg","1539"
"4","6","rId20","ppt/media/image92.svg","assets/official-pptx-icons/slide-04/06-image92.svg","3385"
"4","7","rId2","ppt/media/image74.svg","assets/official-pptx-icons/slide-04/07-image74.svg","19611"
"4","8","rId18","ppt/media/image90.svg","assets/official-pptx-icons/slide-04/08-image90.svg","3568"
"4","9","rId16","ppt/media/image88.svg","assets/official-pptx-icons/slide-04/09-image88.svg","4081"
"4","10","rId14","ppt/media/image86.svg","assets/official-pptx-icons/slide-04/10-image86.svg","3078"
"4","11","rId12","ppt/media/image84.svg","assets/official-pptx-icons/slide-04/11-image84.svg","5150"
"4","12","rId10","ppt/media/image82.svg","assets/official-pptx-icons/slide-04/12-image82.svg","6553"
"5","1","rId8","ppt/media/image104.svg","assets/official-pptx-icons/slide-05/01-image104.svg","2532"
"5","2","rId6","ppt/media/image102.svg","assets/official-pptx-icons/slide-05/02-image102.svg","17681"
"5","3","rId4","ppt/media/image100.svg","assets/official-pptx-icons/slide-05/03-image100.svg","17339"
"5","4","rId24","ppt/media/image120.svg","assets/official-pptx-icons/slide-05/04-image120.svg","59814"
"5","5","rId22","ppt/media/image118.svg","assets/official-pptx-icons/slide-05/05-image118.svg","1158"
"5","6","rId20","ppt/media/image116.svg","assets/official-pptx-icons/slide-05/06-image116.svg","2394"
"5","7","rId2","ppt/media/image98.svg","assets/official-pptx-icons/slide-05/07-image98.svg","18498"
"5","8","rId18","ppt/media/image114.svg","assets/official-pptx-icons/slide-05/08-image114.svg","2638"
"5","9","rId16","ppt/media/image112.svg","assets/official-pptx-icons/slide-05/09-image112.svg","3212"
"5","10","rId14","ppt/media/image110.svg","assets/official-pptx-icons/slide-05/10-image110.svg","2514"
"5","11","rId12","ppt/media/image108.svg","assets/official-pptx-icons/slide-05/11-image108.svg","3183"
"5","12","rId10","ppt/media/image106.svg","assets/official-pptx-icons/slide-05/12-image106.svg","5745"
"6","1","rId8","ppt/media/image128.svg","assets/official-pptx-icons/slide-06/01-image128.svg","3610"
"6","2","rId6","ppt/media/image126.svg","assets/official-pptx-icons/slide-06/02-image126.svg","19326"
"6","3","rId4","ppt/media/image124.svg","assets/official-pptx-icons/slide-06/03-image124.svg","18606"
"6","4","rId24","ppt/media/image144.svg","assets/official-pptx-icons/slide-06/04-image144.svg","60199"
"6","5","rId22","ppt/media/image142.svg","assets/official-pptx-icons/slide-06/05-image142.svg","1543"
"6","6","rId20","ppt/media/image140.svg","assets/official-pptx-icons/slide-06/06-image140.svg","3409"
"6","7","rId2","ppt/media/image122.svg","assets/official-pptx-icons/slide-06/07-image122.svg","19639"
"6","8","rId18","ppt/media/image138.svg","assets/official-pptx-icons/slide-06/08-image138.svg","3590"
"6","9","rId16","ppt/media/image136.svg","assets/official-pptx-icons/slide-06/09-image136.svg","4101"
"6","10","rId14","ppt/media/image134.svg","assets/official-pptx-icons/slide-06/10-image134.svg","3088"
"6","11","rId12","ppt/media/image132.svg","assets/official-pptx-icons/slide-06/11-image132.svg","5206"
"6","12","rId10","ppt/media/image130.svg","assets/official-pptx-icons/slide-06/12-image130.svg","6571"
"7","1","rId8","ppt/media/image152.svg","assets/official-pptx-icons/slide-07/01-image152.svg","27787"
"7","2","rId6","ppt/media/image150.svg","assets/official-pptx-icons/slide-07/02-image150.svg","28672"
"7","3","rId4","ppt/media/image148.svg","assets/official-pptx-icons/slide-07/03-image148.svg","22924"
"7","4","rId2","ppt/media/image146.svg","assets/official-pptx-icons/slide-07/04-image146.svg","41022"
"7","5","rId14","ppt/media/image158.svg","assets/official-pptx-icons/slide-07/05-image158.svg","8363"
"7","6","rId12","ppt/media/image156.svg","assets/official-pptx-icons/slide-07/06-image156.svg","17194"
"7","7","rId10","ppt/media/image154.svg","assets/official-pptx-icons/slide-07/07-image154.svg","214125"
"8","1","rId8","ppt/media/image166.svg","assets/official-pptx-icons/slide-08/01-image166.svg","27794"
"8","2","rId6","ppt/media/image164.svg","assets/official-pptx-icons/slide-08/02-image164.svg","28679"
"8","3","rId4","ppt/media/image162.svg","assets/official-pptx-icons/slide-08/03-image162.svg","22931"
"8","4","rId2","ppt/media/image160.svg","assets/official-pptx-icons/slide-08/04-image160.svg","41029"
"8","5","rId14","ppt/media/image172.svg","assets/official-pptx-icons/slide-08/05-image172.svg","15263"
"8","6","rId12","ppt/media/image170.svg","assets/official-pptx-icons/slide-08/06-image170.svg","36775"
"8","7","rId10","ppt/media/image168.svg","assets/official-pptx-icons/slide-08/07-image168.svg","214132"
"9","1","rId8","ppt/media/image180.svg","assets/official-pptx-icons/slide-09/01-image180.svg","27794"
"9","2","rId6","ppt/media/image178.svg","assets/official-pptx-icons/slide-09/02-image178.svg","28679"
"9","3","rId4","ppt/media/image176.svg","assets/official-pptx-icons/slide-09/03-image176.svg","22931"
"9","4","rId2","ppt/media/image174.svg","assets/official-pptx-icons/slide-09/04-image174.svg","41029"
"9","5","rId14","ppt/media/image186.svg","assets/official-pptx-icons/slide-09/05-image186.svg","15263"
"9","6","rId12","ppt/media/image184.svg","assets/official-pptx-icons/slide-09/06-image184.svg","36775"
"9","7","rId10","ppt/media/image182.svg","assets/official-pptx-icons/slide-09/07-image182.svg","214132"
"10","1","rId8","ppt/media/image194.svg","assets/official-pptx-icons/slide-10/01-image194.svg","28807"
"10","2","rId6","ppt/media/image192.svg","assets/official-pptx-icons/slide-10/02-image192.svg","29566"
"10","3","rId4","ppt/media/image190.svg","assets/official-pptx-icons/slide-10/03-image190.svg","23944"
"10","4","rId2","ppt/media/image188.svg","assets/official-pptx-icons/slide-10/04-image188.svg","62895"
"10","5","rId14","ppt/media/image200.svg","assets/official-pptx-icons/slide-10/05-image200.svg","15646"
"10","6","rId12","ppt/media/image198.svg","assets/official-pptx-icons/slide-10/06-image198.svg","42198"
"10","7","rId10","ppt/media/image196.svg","assets/official-pptx-icons/slide-10/07-image196.svg","264789"
"11","1","rId8","ppt/media/image208.svg","assets/official-pptx-icons/slide-11/01-image208.svg","27816"
"11","2","rId6","ppt/media/image206.svg","assets/official-pptx-icons/slide-11/02-image206.svg","28697"
"11","3","rId4","ppt/media/image204.svg","assets/official-pptx-icons/slide-11/03-image204.svg","22953"
"11","4","rId2","ppt/media/image202.svg","assets/official-pptx-icons/slide-11/04-image202.svg","41713"
"11","5","rId14","ppt/media/image214.svg","assets/official-pptx-icons/slide-11/05-image214.svg","15265"
"11","6","rId12","ppt/media/image212.svg","assets/official-pptx-icons/slide-11/06-image212.svg","36937"
"11","7","rId10","ppt/media/image210.svg","assets/official-pptx-icons/slide-11/07-image210.svg","215730"
"12","1","rId8","ppt/media/image222.svg","assets/official-pptx-icons/slide-12/01-image222.svg","28831"
"12","2","rId6","ppt/media/image220.svg","assets/official-pptx-icons/slide-12/02-image220.svg","29586"
"12","3","rId4","ppt/media/image218.svg","assets/official-pptx-icons/slide-12/03-image218.svg","23968"
"12","4","rId2","ppt/media/image216.svg","assets/official-pptx-icons/slide-12/04-image216.svg","63581"
"12","5","rId14","ppt/media/image228.svg","assets/official-pptx-icons/slide-12/05-image228.svg","15650"
"12","6","rId12","ppt/media/image226.svg","assets/official-pptx-icons/slide-12/06-image226.svg","42362"
"12","7","rId10","ppt/media/image224.svg","assets/official-pptx-icons/slide-12/07-image224.svg","266389"
